{"cameraMode":{"drawMode":0,"name":"Shaded","section":"Shading Mode"},"sceneLighting":false,"audioPlay":false,"sceneViewState":{"showFog":true,"showMaterialUpdate":false,"showSkybox":false,"showFlares":true,"showImageEffects":true,"showParticleSystems":true},"in2DMode":false,"pivot":{"x":-10.176959037780762,"y":0.5182745456695557,"z":18.541555404663087},"rotation":{"x":0.08030600100755692,"y":-0.011961107142269612,"z":0.0009656157926656306,"w":0.9967032074928284},"size":13.574932098388672,"orthographic":false}